B,1,1,0.859036206,0.927824536,0.252865622,0.298838311,0.1705213,0.735936041,0.428325428,0.567946942,0.4743696,0.245674855,0.104225865,0.869090703,0.997518496,0.448620077,0.307521787,0.858310365,0.79699724,0.869893038
M,1,2,0.606041025,0.457728363,0.359448423,0.306957377,0.843330767,0.934850661,0.444572488,0.828014925,0.296617753,0.616869902,0.975785581,0.914343667,0.845247142,0.864151868,0.346712689,0.356573417,0.438447189,0.512256144
M,1,3,0.997599777,0.373238487,0.517399356,0.504992546,0.618903336,0.605570823,0.74622533,0.195928292,0.815666935,0.679355028,0.803413076,0.643995161,0.718441133,0.924775074,0.315371406,0.250642371,0.285635527,0.365857964
M,1,4,0.783407859,0.104055314,0.197532695,0.421837159,0.742055668,0.490827882,0.005525437,0.392123267,0.010014895,0.4714627,0.597878903,0.761658752,0.362750561,0.912819094,0.977971175,0.845921227,0.699430932,0.475986735
M,1,5,0.406249531,0.513199297,0.061811577,0.635836719,0.844797517,0.441502227,0.191926451,0.487546116,0.358533581,0.551543235,0.743876519,0.312349434,0.650222833,0.522261016,0.043544765,0.376660111,0.280097759,0.132282876
M,1,6,0.04137947,0.629025938,0.303380105,0.813407572,0.222817123,0.971206033,0.60977829,0.647803859,0.737913873,0.440943207,0.035982366,0.615867667,0.017487184,0.932319515,0.329318038,0.954122776,0.135378915,0.294804796
M,1,7,0.161050068,0.548838498,0.153583456,0.654415397,0.140346213,0.796645887,0.405839624,0.662635625,0.049426685,0.578519494,0.264854683,0.959217373,0.698106832,0.467358949,0.637077696,0.011251331,0.147325157,0.213814247
M,1,8,0.415298986,0.898731363,0.931821763,0.916647939,0.399105638,0.009445115,0.84625746,0.68377254,0.397306457,0.886768087,0.522427847,0.694773565,0.886522318,0.411672883,0.481108054,0.92654637,0.02643087,0.092739552
M,1,9,0.166757878,0.352971856,0.988120611,0.287070317,0.5636256,0.402707875,0.380931733,0.479191238,0.060165294,0.236524445,0.290483708,0.391833072,0.254944302,0.488399586,0.053683565,0.862225604,0.415055139,0.487125899
M,1,10,0.655626079,0.413930717,0.805288478,0.163485864,0.861901695,0.947594532,0.546563676,0.426141006,0.417080309,0.945609574,0.325387509,0.666526808,0.374270055,0.100291351,0.21329028,0.222859671,0.007286213,0.420027362
M,1,11,0.590007977,0.293692412,0.423497844,0.329803463,0.4578377,0.829782296,0.497766735,0.159440334,0.971121865,0.492342538,0.084268972,0.974333948,0.926423909,0.295425919,0.804212452,0.870840009,0.546295023,0.884871079
M,1,12,0.881929079,0.424916157,0.903222367,0.173305914,0.791005372,0.476183524,0.681175841,0.905843852,0.828415466,0.083717329,0.520566651,0.072915346,0.948094685,0.999615891,0.728459115,0.285888356,0.210889643,0.833589868
B,1,13,0.961010262,0.976906806,0.857928773,0.614971227,0.615515929,0.352769204,0.833960006,0.095091749,0.230892542,0.954833278,0.577181749,0.78351143,0.530424645,0.175169764,0.544458264,0.081392441,0.733014883,0.531368855
M,1,14,0.172529525,0.013556374,0.623446508,0.519135859,0.254456363,0.366947346,0.055695644,0.51850145,0.371256629,0.853783565,0.347039855,0.947346732,0.597281032,0.428806485,0.401369982,0.82044557,0.599584286,0.135680676
M,1,15,0.396513559,0.20124125,0.96810764,0.836439982,0.609976638,0.244681982,0.788270514,0.356016875,0.125054,0.510102589,0.403965968,0.865611911,0.499515991,0.589648486,0.014997916,0.893354828,0.562122469,0.028448737
M,1,16,0.051620363,0.310912551,0.909292558,0.719117468,0.433167082,0.997141749,0.231381709,0.771588936,0.593069372,0.109138528,0.21511746,0.051819288,0.29352604,0.751845499,0.922480759,0.606573034,0.318208833,0.718853514
M,1,17,0.814356436,0.696773866,0.702882553,0.975635677,0.983484815,0.031136722,0.938889143,0.744846045,0.752253549,0.41252405,0.586656405,0.941652686,0.247466384,0.550210882,0.229890761,0.691478239,0.999305937,0.647063187
M,1,18,0.595624121,0.791531254,0.794122938,0.430667284,0.916778135,0.897785418,0.729778768,0.560203906,0.658952968,0.835251912,0.644758866,0.444219065,0.820039098,0.87805546,0.238453253,0.41353844,0.378726412,0.973049473
M,1,19,0.453287468,0.227814194,0.868963932,0.83954677,0.133349425,0.951339573,0.179080954,0.02315243,0.144846838,0.674269176,0.083272596,0.437239218,0.231382255,0.424553435,0.578621063,0.140284237,0.538908979,0.620391974
M,1,20,0.358677493,0.539763975,0.408204473,0.391341766,0.660984427,0.730276729,0.415556778,0.677969692,0.092242834,0.4576951,0.971049521,0.116668505,0.893424314,0.895280358,0.41210954,0.067489641,0.254949351,0.146701198
M,1,21,0.795198342,0.129786545,0.881824612,0.531266301,0.546996702,0.62659594,0.689773244,0.941651133,0.466418688,0.098313262,0.435143216,0.730365887,0.868267937,0.852819668,0.525977488,0.785420605,0.630602682,0.740922908
M,1,22,0.500682859,0.360446702,0.939109798,0.149994564,0.579039918,0.297490247,0.905608324,0.765232184,0.026878729,0.608748029,0.316248889,0.842602638,0.384431766,0.600999813,0.94148821,0.981674888,0.225052715,0.69264385
M,1,23,0.029453696,0.675724624,0.024930062,0.1138323,0.833685553,0.268191042,0.936407155,0.577268761,0.728362992,0.846493622,0.41984847,0.286227754,0.782013775,0.455999155,0.450856709,0.909224239,0.827097995,0.125961426
M,1,24,0.294863722,0.817869572,0.548480255,0.983250152,0.47516934,0.672254588,0.198054688,0.270249808,0.453984699,0.725451126,0.653350694,0.099092477,0.369055732,0.252057032,0.426082946,0.381707776,0.775820591,0.56183777
M,1,25,0.483920717,0.272825273,0.288013515,0.424075319,0.825866787,0.686728398,0.317001138,0.107175529,0.761053776,0.720972963,0.984838874,0.345239468,0.145046735,0.961694304,0.021560996,0.127715148,0.978176445,0.877524397
M,1,26,0.773996627,0.029994884,0.500944728,0.181440099,0.501907079,0.017164768,0.683837319,0.239435751,0.694846243,0.762668235,0.118619659,0.694098152,0.489322637,0.35412897,0.527805905,0.77771341,0.309117119,0.262728187
M,1,27,0.420277396,0.371871862,0.74221177,0.063045151,0.189159879,0.8461391,0.874233445,0.143819031,0.156295523,0.35383536,0.393120692,0.633843456,0.788371192,0.856284486,0.602018601,0.168630821,0.53452174,0.987512719
M,1,28,0.531351045,0.148787195,0.345090002,0.085156677,0.737006982,0.345312469,0.172234035,0.690670496,0.097401026,0.183404353,0.371573714,0.480700616,0.506994244,0.823968274,0.146707842,0.595529737,0.371591388,0.199845544
M,1,29,0.305038056,0.240670239,0.830738987,0.021990788,0.998549574,0.294418373,0.716169725,0.415549576,0.921414983,0.139467971,0.069255819,0.981447689,0.20587566,0.194218463,0.50113342,0.181757552,0.691083869,0.615791178
M,1,30,0.250101395,0.734771845,0.937692761,0.892969553,0.235561915,0.982420485,0.532902829,0.398451868,0.195629774,0.898278459,0.73603117,0.889063171,0.978484093,0.828647165,0.442606477,0.452043046,0.769883358,0.43586573
M,1,31,0.384082258,0.883148776,0.029280328,0.359466858,0.357381684,0.52626826,0.036277993,0.590754629,0.137505628,0.048150918,0.662520833,0.338001542,0.30589365,0.02676161,0.030902354,0.339045275,0.576479067,0.759567056
M,1,32,0.715208537,0.329158344,0.576084515,0.022301076,0.384342267,0.822693803,0.716930135,0.325197325,0.854683674,0.39863879,0.835672806,0.467984427,0.004825306,0.682274386,0.11423621,0.566027905,0.559204189,0.802771117
M,1,33,0.678596222,0.115738127,0.529137065,0.188375472,0.41822212,0.333327638,0.138330019,0.120200379,0.532580008,0.967350228,0.158751384,0.474753502,0.142947952,0.16427107,0.809067914,0.768809702,0.93603262,0.402335295
M,1,34,0.742689086,0.420645437,0.431974905,0.6862906,0.043077611,0.041824483,0.986827916,0.868410077,0.414101277,0.530653655,0.422670447,0.182382541,0.897420062,0.72972669,0.158203094,0.875170029,0.618953154,0.218368287
M,1,35,0.014698195,0.944565988,0.245755275,0.680600516,0.967000433,0.449789209,0.593077848,0.272489439,0.676483967,0.756457615,0.61986926,0.909250391,0.702105575,0.763603493,0.376942453,0.477158463,0.352573291,0.328101977
M,1,36,0.198483945,0.436048952,0.668261273,0.995954859,0.109088587,0.034916367,0.264479133,0.992528838,0.700669385,0.410696096,0.000418997,0.309554721,0.731630352,0.699516576,0.143323291,0.249720026,0.129110679,0.823390264
M,1,37,0.492837052,0.236896454,0.636875173,0.541799712,0.06886407,0.860347024,0.457340372,0.059165141,0.382443994,0.349005878,0.333492747,0.2980105,0.763592802,0.064541143,0.00073196,0.745185426,0.671101148,0.0056988
M,1,38,0.942360705,0.758718331,0.475841498,0.833072592,0.09324978,0.16102077,0.828598425,0.215000754,0.392581685,0.650205947,0.818059952,0.016790827,0.393926545,0.622842759,0.068229331,0.592252771,0.555532291,0.102812312
M,1,39,0.403572912,0.624181003,0.352266838,0.69197124,0.214773626,0.814583784,0.437887973,0.220244534,0.57482734,0.256850098,0.545554604,0.3600059,0.052521026,0.920705524,0.676870104,0.828808791,0.299336209,0.121719626
M,1,40,0.12287734,0.604438373,0.491998566,0.117148366,0.403813848,0.5914582,0.657343118,0.18231043,0.654877857,0.558981592,0.600618184,0.034929981,0.745948438,0.055227859,0.951102504,0.742371089,0.386519077,0.784525826
M,1,41,0.809336176,0.252251145,0.55405121,0.056498849,0.56924897,0.053863752,0.476065605,0.044142905,0.154593587,0.218627511,0.356989707,0.382902889,0.215716961,0.717704731,0.32463964,0.713245168,0.461034506,0.522124229
M,1,42,0.931779857,0.534487388,0.072350192,0.508043944,0.797350636,0.854941721,0.534399284,0.499421222,0.865816304,0.514790592,0.500726072,0.41041037,0.549086272,0.11790858,0.901308792,0.274064094,0.644323262,0.038789302
M,1,43,0.319991405,0.500185766,0.542541513,0.57893229,0.939126686,0.187563712,0.643975153,0.101767815,0.610325831,0.380909514,0.878104988,0.681669557,0.929239327,0.988241664,0.136341162,0.128085921,0.648092821,0.384532118
B,1,44,0.67557668,0.904870744,0.965466725,0.763904438,0.633558896,0.759305095,0.216829513,0.255340614,0.665202852,0.368364859,0.74790174,0.934943769,0.956876101,0.420295416,0.986997475,0.955677423,0.485108416,0.206474049
M,1,45,0.132895597,0.96158949,0.514782509,0.819531342,0.288644342,0.528931266,0.796683771,0.843941962,0.037139483,0.464196776,0.776284523,0.77523183,0.124201822,0.74023159,0.883947314,0.203020178,0.032277739,0.68873416
M,1,46,0.366113848,0.162144608,0.559230181,0.888008265,0.33493644,0.089915759,0.466294991,0.652752669,0.541212114,0.475613799,0.373546016,0.709623018,0.613064649,0.884660433,0.875652156,0.549356306,0.166464893,0.537765079
M,1,47,0.115795248,0.761214168,0.344103065,0.777035822,0.1584583,0.664698656,0.576138704,0.044686546,0.774181312,0.497616293,0.394574679,0.067844535,0.057784017,0.153044141,0.613849775,0.271658446,0.059970371,0.595262407
M,1,48,0.86213444,0.390890688,0.599260395,0.854088527,0.771460458,0.060717765,0.305602084,0.719193432,0.490189207,0.604712408,0.530932909,0.059818381,0.606468902,0.209065802,0.961279905,0.79184834,0.190488063,0.843583389
B,1,49,0.728289293,0.78325521,0.959955337,0.054977527,0.422301893,0.189558873,0.768512844,0.898006016,0.940132771,0.6962448,0.0142543,0.8487226,0.269196684,0.31733487,0.365386352,0.732466847,0.445871943,0.003183954
M,1,50,0.892135999,0.834264948,0.732401138,0.375062161,0.720275108,0.939296779,0.224490947,0.860446095,0.866763569,0.830675933,0.989770719,0.575231639,0.441943834,0.325760051,0.009096808,0.947493468,0.845073062,0.639293572
M,1,51,0.347202039,0.023073613,0.665625899,0.967062064,0.37812783,0.336371063,0.821556961,0.911618133,0.788943745,0.827206718,0.49242401,0.566999018,0.634461258,0.069407487,0.514058497,0.319300218,0.430015179,0.304842705
M,1,52,0.466558712,0.925630406,0.604524127,0.304059528,0.585936557,0.541660086,0.894943882,0.973058215,0.249589977,0.776805635,0.487479379,0.36669383,0.094332084,0.441679145,0.356113335,0.694971098,0.88977507,0.180346114
M,1,53,0.602310924,0.822251677,0.914548962,0.264409831,0.027093553,0.691120834,0.971818119,0.672251296,0.724062627,0.738698379,0.514834946,0.244433986,0.038654892,0.258081678,0.817546922,0.66717762,0.074185163,0.467084222
M,1,54,0.634575971,0.581643589,0.053601508,0.293927283,0.299381832,0.534213447,0.156428096,0.638371507,0.557335565,0.535018167,0.270266609,0.754844023,0.93351786,0.709916465,0.589109397,0.802357846,0.423920874,0.256743639
M,1,55,0.684860702,0.468095664,0.709534028,0.96436927,0.67379786,0.131001679,0.708803628,0.619074041,0.524285473,0.225810922,0.016869711,0.237430928,0.683610971,0.315721825,0.250014569,0.046622752,0.744735321,0.763153235
M,1,56,0.896376788,0.195539942,0.461462157,0.709033515,0.880215547,0.323155789,0.299818415,0.94764934,0.985766591,0.165824002,0.677365661,0.199910709,0.077449448,0.124203239,0.75614048,0.220592699,0.327888201,0.556321366
M,1,57,0.137194127,0.451536361,0.629057518,0.239815314,0.99016004,0.35675815,0.313226612,0.594776789,0.21571986,0.68637653,0.689950091,0.719656798,0.173151177,0.364854957,0.428454533,0.916977817,0.750696192,0.157700002
B,1,58,0.964652882,0.867315297,0.436952855,0.070029232,0.144874782,0.199279007,0.701176995,0.366410508,0.96465029,0.127939288,0.687026242,0.971489194,0.025956684,0.344135572,0.09974631,0.207239847,0.000465106,0.949122278
M,1,59,0.440491799,0.286689667,0.750673766,0.881899696,0.924710001,0.777144538,0.97784894,0.304483278,0.206219344,0.712282808,0.007772186,0.201377308,0.086848956,0.489029253,0.932231859,0.725313077,0.85520187,0.071784209
M,1,60,0.224471803,0.998814816,0.660950114,0.79579379,0.201660215,0.645861386,0.558637394,0.473619941,0.017065113,0.060002041,0.167684006,0.553579371,0.26585738,0.183513061,0.277597193,0.65430944,0.529665911,0.294342439
M,1,61,0.258905911,0.71811796,0.237975838,0.256836856,0.29049147,0.27904098,0.386212376,0.065132092,0.884028833,0.430730244,0.723415278,0.522959929,0.692042189,0.578569964,0.750851352,0.809193296,0.930043932,0.054707201
M,1,62,0.52221071,0.560967689,0.048322547,0.809188923,0.930970332,0.786756897,0.06893959,0.730029772,0.782070197,0.202449469,0.279106014,0.372409192,0.412648694,0.647267597,0.679132372,0.899988577,0.803916725,0.025170787
B,1,63,0.616469387,0.741595574,0.781655731,0.033420153,0.239746586,0.149745398,0.405232886,0.937797019,0.063070932,0.034082427,0.633758383,0.319370064,0.992911709,0.408746158,0.385853573,0.554430242,0.455547065,0.250476499
M,1,64,0.108849256,0.805421797,0.388095104,0.251939028,0.392807037,0.08855854,0.339881246,0.017619156,0.600453296,0.539978007,0.076221764,0.350706445,0.901758134,0.135815572,0.256837691,0.430274875,0.886182919,0.943307508
M,1,65,0.467026279,0.447649263,0.565571023,0.361593517,0.652016088,0.801629691,0.750646936,0.955124922,0.534233249,0.875552783,0.444225458,0.128867905,0.907614397,0.358759185,0.895476071,0.755524775,0.764245162,0.778631874
M,1,66,0.663038986,0.266648661,0.105045812,0.922150028,0.232657981,0.120186552,0.022208436,0.36720936,0.936907074,0.595062145,0.593229194,0.418346732,0.331339324,0.481610134,0.194637201,0.76299999,0.219925012,0.233415288
M,1,67,0.166142735,0.280268304,0.068817951,0.734331799,0.534125599,0.013868214,0.145605292,0.578664537,0.895256758,0.865405562,0.550563555,0.505379958,0.751907654,0.334614706,0.767593438,0.108096696,0.60248438,0.90309725
M,1,68,0.542796895,0.217061038,0.27033253,0.61004613,0.321921243,0.571762814,0.212128053,0.147202875,0.949518003,0.020036243,0.365211026,0.213456318,0.326099742,0.382850965,0.125316375,0.997264666,0.726788058,0.814627399
M,1,69,0.310352089,0.551352608,0.330233105,0.699999001,0.451201288,0.001214792,0.515301709,0.247203771,0.086282667,0.294501185,0.981731101,0.855553718,0.221854598,0.573423192,0.217769048,0.502410384,0.336715668,0.550297099
M,1,70,0.554228936,0.6403166,0.179199255,0.943815547,0.965435005,0.907978439,0.288346735,0.137220909,0.931199004,0.450723416,0.93124833,0.2686735,0.716455977,0.769175213,0.776213809,0.969363351,0.591592916,0.852321104
M,1,71,0.0604714,0.033473114,0.274571719,0.336015463,0.059398048,0.875912177,0.6998085,0.404412807,0.860247234,0.15656176,0.888766321,0.210467648,0.575219938,0.652341126,0.210176417,0.576551563,0.652819299,0.191310277
M,1,72,0.837178396,0.34920893,0.139125013,0.910652475,0.723873441,0.436198136,0.444313653,0.892269657,0.275854629,0.572987094,0.569574457,0.593269912,0.680707384,0.520421646,0.073067124,0.120635547,0.516307976,0.660015132
M,1,73,0.271418071,0.653108677,0.992799693,0.779836685,0.462740725,0.225661528,0.570828647,0.523450334,0.223128585,0.151925824,0.459888825,0.189587662,0.673339447,0.109551197,0.534734375,0.710132158,0.831459794,0.898193943
M,1,74,0.023921181,0.788500446,0.392744969,0.862112079,0.815375876,0.631074979,0.470086309,0.528564054,0.979534558,0.649464184,0.384347491,0.175652766,0.344239331,0.701359033,0.301936326,0.939267653,0.31641511,0.701766063
M,1,75,0.273813075,0.608293175,0.168283338,0.676351719,0.013715526,0.819180038,0.541493521,0.493468328,0.180407949,0.612111627,0.465531276,0.902260318,0.631584454,0.099088914,0.542684186,0.163612563,0.816358146,0.711908857
M,1,76,0.498438557,0.518290191,0.015844291,0.039333546,0.803373024,0.741796009,0.904928524,0.038076221,0.270915924,0.661655043,0.141962385,0.804405574,0.478240798,0.979943257,0.727646319,0.347658837,0.988852533,0.447937339
M,1,77,0.288344673,0.943531631,0.79757365,0.80385749,0.632701241,0.220554849,0.426066421,0.563584846,0.797355407,0.103694908,0.853751795,0.984102601,0.066713315,0.396409635,0.692715908,0.188350675,0.905609741,0.350073788
B,1,78,0.906736351,0.845611297,0.033889588,0.382948434,0.645634929,0.932791413,0.040095422,0.5496315,0.217778785,0.923008111,0.353317853,0.828581166,0.865205794,0.084083193,0.367432634,0.537126415,0.087575765,0.272303462
M,1,79,0.790757066,0.09643851,0.376166032,0.323435175,0.271644605,0.915758461,0.09657716,0.672209078,0.91120008,0.321788198,0.236770834,0.403009795,0.619775867,0.502064508,0.998482552,0.160838851,0.264850495,0.478664184
M,1,80,0.644259173,0.96902172,0.815632448,0.561209651,0.778105763,0.454346597,0.918361022,0.809918175,0.254701637,0.419313153,0.780902151,0.015304651,0.432229441,0.77250881,0.522023964,0.077206517,0.172864678,0.847359344
M,1,81,0.244118441,0.17720862,0.291809655,0.39757359,0.493666777,0.313844293,0.853588113,0.504978097,0.769069332,0.869796105,0.955374787,0.814387934,0.334515891,0.505603728,0.380875029,0.700990775,0.342792681,0.709021885
M,1,82,0.805180116,0.069965403,0.314034062,0.137249633,0.029912882,0.377760284,0.887131867,0.164777407,0.432479646,0.069008415,0.891442619,0.431570014,0.078651311,0.733348866,0.493008053,0.56669592,0.047051151,0.320187994
M,1,83,0.671586866,0.730204553,0.949888529,0.274112964,0.821363573,0.990450473,0.045888679,0.115100909,0.168343277,0.009519899,0.823803222,0.532830203,0.603478102,0.076425097,0.240844644,0.4381377,0.866115093,0.109018821
M,1,84,0.579401778,0.510160563,0.221874801,0.555485938,0.689032058,0.076460166,0.249088134,0.265130695,0.893472447,0.544538665,0.510709209,0.127522917,0.66651767,0.943891136,0.606817826,0.989129464,0.188198981,0.907211755
B,1,85,0.977305168,0.59721774,0.309078482,0.983514424,0.279499782,0.900334832,0.760157657,0.20494988,0.564339068,0.755481012,0.862397353,0.703169079,0.554544335,0.327932003,0.829221973,0.054988403,0.977708674,0.504756356
B,1,86,0.473098871,0.979195615,0.256343501,0.011955851,0.553194851,0.55476223,0.583126448,0.922551049,0.468277598,0.768533618,0.913489021,0.18376114,0.839340067,0.285804467,0.907019727,0.461765257,0.635196489,0.021074254
M,1,87,0.508078429,0.568952284,0.010988286,0.351661826,0.895744628,0.682488192,0.99845895,0.43838267,0.300404579,0.33809148,0.179809425,0.229032271,0.18871044,0.844192946,0.390762767,0.283138948,0.500086499,0.307006581
M,1,88,0.482891239,0.917950847,0.570038152,0.46611717,0.11273487,0.926428911,0.257335114,0.125265319,0.426802798,0.995409416,0.028072387,0.300612119,0.011346248,0.606609497,0.696640027,0.444891925,0.5212618,0.732127238
M,1,89,0.549941885,0.988603925,0.38153385,0.601424466,0.131195627,0.20884244,0.809848033,0.928802119,0.689969217,0.66796595,0.204841354,0.625113497,0.046850577,0.543081571,0.103849353,0.611193342,0.703175166,0.372334837
M,1,90,0.62992617,0.008994365,0.579833048,0.754040291,0.324919668,0.364820093,0.093781543,0.696463924,0.074278411,0.816183698,0.844058333,0.578836918,0.09985311,0.812296989,0.858279773,0.604815512,0.527396213,0.380390204
M,1,91,0.69305825,0.058344211,0.696437962,0.474131481,0.868194896,0.809991191,0.890317145,0.984934481,0.35107781,0.434943849,0.131495941,0.140273692,0.710461435,0.112605371,0.633321019,0.442330419,0.965442571,0.950672794
M,1,92,0.9177811,0.312822243,0.620248793,0.387047134,0.443384126,0.893701941,0.500372382,0.554762874,0.166014674,0.911934598,0.4093314,0.563011586,0.321529962,0.476438824,0.08498435,0.486194775,0.067262101,0.863609742
B,1,93,0.969799656,0.691415996,0.526029076,0.082363781,0.104676015,0.789402433,0.805433571,0.631110201,0.597128629,0.291982683,0.41324778,0.654470725,0.87308594,0.078749084,0.570524749,0.639429515,0.678006862,0.99104052
M,1,94,0.001254433,0.935895251,0.769610551,0.792617042,0.353192795,0.667448303,0.816139845,0.964180133,0.711245476,0.584091688,0.165294641,0.809350197,0.287608126,0.99186687,0.889927467,0.530099281,0.898229512,0.880278413
B,1,95,0.767814326,0.862666393,0.095828136,0.095427682,0.510832831,0.203755511,0.789735371,0.794024332,0.119817035,0.944159299,0.259582077,0.275317742,0.771614502,0.746866665,0.408133711,0.9378594,0.17909869,0.775296458
M,1,96,0.842468298,0.126199156,0.589326715,0.643589801,0.711936081,0.545564675,0.362442163,0.375019888,0.627091964,0.261218616,0.145991197,0.293003491,0.194387099,0.956390214,0.066553542,0.387423703,0.358484928,0.203458127
M,1,97,0.38199201,0.951734543,0.092209105,0.924031112,0.198790595,0.641232706,0.117314968,0.875836292,0.632273183,0.447458086,0.753677733,0.260018259,0.563017236,0.619829051,0.037426195,0.720133085,0.757840088,0.431845752
M,1,98,0.978827236,0.141386846,0.951546802,0.090105475,0.016874313,0.25674055,0.007820521,0.296604003,0.738942833,0.975425025,0.472225762,0.133556593,0.469096653,0.091388984,0.487926665,0.40438788,0.833786547,0.858434698
M,1,99,0.950045834,0.26905496,0.27855473,0.626270091,0.85966308,0.712692786,0.238748136,0.847078573,0.005325609,0.359530195,0.273376895,0.649989573,0.108389232,0.901332447,0.166453984,0.58527228,0.624297382,0.441298075
M,1,100,0.559647826,0.2119791,0.694073699,0.150717978,0.126537626,0.162545221,0.254231221,0.812882468,0.925624703,0.901438511,0.613846175,0.26580914,0.407308489,0.727183604,0.870512672,0.23088825,0.662240205,0.176693794
M,1,101,0.086031269,0.077760614,0.058895904,0.436345972,0.331509511,0.771729108,0.67224953,0.293345078,0.051208036,0.643212953,0.174857663,0.836967314,0.395564488,0.561436745,0.279824598,0.631973668,0.195663381,0.998820144
M,1,102,0.585876041,0.53293796,0.744664755,0.945812223,0.410766712,0.655021441,0.519346072,0.05259608,0.203452792,0.134272391,0.868657866,0.520160456,0.971357386,0.462181999,0.355326605,0.410929908,0.08040392,0.398083505
M,1,103,0.008640804,0.432523046,0.998262835,0.110170126,0.671008525,0.170807595,0.207668858,0.70307626,0.611180166,0.63267233,0.948308147,0.669069006,0.920149366,0.270858512,0.048259364,0.826194422,0.737804932,0.733418989
M,1,104,0.049399712,0.04927002,0.759216422,0.664519516,0.774061223,0.863978869,0.596792395,0.879419572,0.58787323,0.212854486,0.309700533,0.588191102,0.671851096,0.437920703,0.083006503,0.878177534,0.106693042,0.085558954
M,1,105,0.076474458,0.710955666,0.883787778,0.122996821,0.905277577,0.23619315,0.367033257,0.781591007,0.344564909,0.817350749,0.712681397,0.549026295,0.851187332,0.306864647,0.205398215,0.645744179,0.883285617,0.752248894
M,1,106,0.290591048,0.466087184,0.214377918,0.450625265,0.524372098,0.396242805,0.330921291,0.861527701,0.824471458,0.313369333,0.902875351,0.493353264,0.799374086,0.221226873,0.957614833,0.84444017,0.418955202,0.585293287
M,1,107,0.06943848,0.117420029,0.19287949,0.193286964,0.120090104,0.573027196,0.323364766,0.705869394,0.807583646,0.700005484,0.845873818,0.534397308,0.462161692,0.62927068,0.508403787,0.624856882,0.289578012,0.664656216
M,1,108,0.375836438,0.379274105,0.414510921,0.900670087,0.703177178,0.412277741,0.489939864,0.12960395,0.318942927,0.93320645,0.718697934,0.171454447,0.80913572,0.263083169,0.912639577,0.543340812,0.939294576,0.312093765
B,1,109,0.915003448,0.889988369,0.80943264,0.760866842,0.688013819,0.262860087,0.451783074,0.287775415,0.621162118,0.271075314,0.761117556,0.734215075,0.78995827,0.167696239,0.333885246,0.673367351,0.239010397,0.078373515
M,1,110,0.335994525,0.854628984,0.720634678,0.130296357,0.307416696,0.286973377,0.524142574,0.509763721,0.313393877,0.918792003,0.089391357,0.026184132,0.855732587,0.793399919,0.059835811,0.81448422,0.167914166,0.371605755
M,1,111,0.524130129,0.017452432,0.922932132,0.727869196,0.594622707,0.704474931,0.925070405,0.170789168,0.648956679,0.002014785,0.696646454,0.917204024,0.181027859,0.056780389,0.572945978,0.735756534,0.259846523,0.966721065
M,1,112,0.563314107,0.711904583,0.58472603,0.005493193,0.949542475,0.77961011,0.128151844,0.348696504,0.262878558,0.342977588,0.217987854,0.039078617,0.515341628,0.37266846,0.121013111,0.1742245,0.362146073,0.748973008
M,1,113,0.430324037,0.255600654,0.76305846,0.208470775,0.95939127,0.466138854,0.276320104,0.173140243,0.578153069,0.025777211,0.432228343,0.250551796,0.649622657,0.805438765,0.419501357,0.241851679,0.61652466,0.830642762
M,1,114,0.324661868,0.808796502,0.438909562,0.046524613,0.573555537,0.275637585,0.025166145,0.787789418,0.805143472,0.363728767,0.79409923,0.15425359,0.503439006,0.756179149,0.585928329,0.657925556,0.235532291,0.960101843
B,1,115,0.868261252,0.909368389,0.77375674,0.702601581,0.340248619,0.135939873,0.074363833,0.334298306,0.078311677,0.194535858,0.04190429,0.758683766,0.517406377,0.677614723,0.73976617,0.972705644,0.579133142,0.494947567
M,1,116,0.902317083,0.396195755,0.224373111,0.143771388,0.70648778,0.254153053,0.992351288,0.258423374,0.950030936,0.054452515,0.222747161,0.507683229,0.877913719,0.392559809,0.849436901,0.424297626,0.390663563,0.270085823
B,1,117,0.990747417,0.611856438,0.20242468,0.231400748,0.049095128,0.173547292,0.334743314,0.918630742,0.435808874,0.012143697,0.6422185,0.53941137,0.624722305,0.278704705,0.687170742,0.029948376,0.956525507,0.592759562
M,1,118,0.704764413,0.828253325,0.454622481,0.235830837,0.752758511,0.100137297,0.20352062,0.511495867,0.410646036,0.570582778,0.965100827,0.278223269,0.534552261,0.672197545,0.862129608,0.010162462,0.713927599,0.245896481
M,1,119,0.749666307,0.227409463,0.001181094,0.072295289,0.499899599,0.141008657,0.670043831,0.998506485,0.030295973,0.960572869,0.472190624,0.873103805,0.233497366,0.274365534,0.267855682,0.507357046,0.467392095,0.934694261
M,1,120,0.781873577,0.363261384,0.118812243,0.669844452,0.163971786,0.423382235,0.651811499,0.542261385,0.116165418,0.124233448,0.318853383,0.766789038,0.485638926,0.690475782,0.294831475,0.686634133,0.274841127,0.575015749
M,1,121,0.098300305,0.914177082,0.839536496,0.277825161,0.050644477,0.122875269,0.080786027,0.585228771,0.387747506,0.48034655,0.89551231,0.46636516,0.446735458,0.139888148,0.320359113,0.310680711,0.229000955,0.45426805
M,1,122,0.247917166,0.249633704,0.642273374,0.512068652,0.531920851,0.584409842,0.305318984,0.308397091,0.906481676,0.304217269,0.499918055,0.083027577,0.658009182,0.836051491,0.152701339,0.336783675,0.810902066,0.041255659
M,1,123,0.179363056,0.404092148,0.416780123,0.597772419,0.905577299,0.751217905,0.865577035,0.18633277,0.110366438,0.372310658,0.701823402,0.744825124,0.272417891,0.032835343,0.827268033,0.261478566,0.322407542,0.920081867
M,1,124,0.371694128,0.305145662,0.608535007,0.403426404,0.182833005,0.956845469,0.929040541,0.222592599,0.845123982,0.777937562,0.05704456,0.049813165,0.987830783,0.783073235,0.28575914,0.102299957,0.302430803,0.229315209
M,1,125,0.758867,0.752563869,0.085465921,0.927965426,0.7297064,0.695530309,0.631080806,0.534198736,0.402123373,0.322482662,0.450720981,0.156100399,0.735716353,0.688322779,0.188366153,0.796318843,0.660549501,0.916286311
M,1,126,0.937311535,0.525800686,0.185345052,0.749136319,0.850486443,0.3930212,0.161923361,0.825045103,0.07126418,0.08148301,0.28443109,0.002434602,0.13631478,0.844958488,0.192474259,0.302527709,0.158379395,0.490355298
M,1,127,0.817684873,0.68056903,0.320277019,0.4677483,0.34664764,0.232796651,0.291550237,0.190247804,0.571048418,0.622463652,0.252582626,0.362625658,0.155447992,0.892321207,0.47018511,0.582467985,0.349810427,0.699032827
M,1,128,0.456781447,0.323067223,0.674255253,0.341921972,0.661919426,0.500308823,0.60336865,0.624099358,0.478101284,0.803243213,0.995259166,0.331925475,0.128913263,0.797666228,0.812474583,0.460337287,0.607513315,0.629483192
M,1,129,0.945890628,0.194052285,0.395019904,0.559383887,0.640566384,0.880720958,0.858098477,0.457388178,0.959583817,0.518741309,0.814587489,0.49494089,0.774003905,0.87686988,0.182119742,0.759796544,0.478624116,0.583029252
M,1,130,0.925343224,0.338594476,0.786751381,0.869050917,0.875676999,0.866783101,0.051065224,0.821218855,0.499082043,0.309858068,0.561810264,0.950594517,0.16627519,0.367802518,0.558409783,0.679887584,0.020054854,0.465313153
M,1,131,0.445176214,0.990442738,0.818059534,0.587411394,0.541093398,0.432264419,0.139458533,0.381173902,0.873401309,0.38951225,0.63257582,0.116196831,0.403196729,0.866983535,0.878678129,0.15529109,0.124294921,0.568275122
M,1,132,0.081696824,0.799329526,0.499262892,0.311961147,0.304655286,0.919925982,0.481232419,0.461883464,0.455838954,0.991376978,0.710746496,0.618634114,0.451186251,0.234836014,0.168831743,0.135645721,0.374495652,0.333882071
M,1,133,0.233228206,0.089442712,0.920091002,0.956944612,0.487916473,0.497787461,0.110468905,0.60236894,0.548294604,0.890843055,0.535573845,0.398823491,0.83702693,0.197059179,0.661835857,0.02535202,0.094054727,0.113095839
B,1,134,0.698561645,0.749651906,0.134889944,0.8967769,0.368484681,0.603158555,0.507287603,0.77577476,0.671461586,0.634426566,0.305445489,0.788915681,0.94020438,0.242677673,0.993277223,0.525231564,0.063975113,0.769264838
M,1,135,0.207145064,0.565503907,0.01901364,0.571064499,0.682901638,0.407882262,0.766287339,0.441098697,0.193065895,0.251012143,0.623528631,0.673562948,0.558560438,0.450642799,0.837322951,0.397669748,0.841742905,0.095060172
M,1,136,0.829984879,0.178756191,0.712229485,0.592365417,0.413583654,0.762364072,0.62668802,0.752347771,0.680882641,0.793911364,0.199870664,0.922435375,0.828986213,0.23037714,0.498815178,0.521776117,0.951901379,0.05612127
M,1,137,0.57483754,0.722665523,0.979289894,0.876242778,0.000858383,0.317225481,0.776987917,0.237587576,0.87872668,0.405012408,0.859816415,0.086607355,0.568275825,0.949390302,0.245301063,0.018249983,0.473028622,0.342245614
M,1,138,0.143717592,0.573367494,0.654092266,0.629329477,0.756588156,0.840569824,0.351817375,0.61042306,0.83569695,0.170628487,0.957196896,0.458725438,0.120797113,0.81717315,0.785127364,0.915191652,0.214878339,0.527358558
M,1,139,0.849874237,0.584459793,0.161103782,0.823653059,0.365243775,0.519258205,0.949188836,0.08393742,0.522097082,0.731340526,0.577883679,0.860752593,0.346660211,0.655854129,0.671247616,0.482817339,0.510957665,0.625267407
M,1,140,0.621089673,0.648056949,0.722853345,0.21264736,0.15545909,0.635197006,0.83924249,0.982160627,0.763405502,0.692677373,0.383270185,0.423489786,0.438282462,0.587813911,0.747019834,0.470457601,0.676241015,0.163118525
M,1,141,0.511947397,0.671475725,0.538153989,0.268858992,0.262500033,0.30935577,0.724382113,0.354205598,0.484131953,0.426175052,0.446761652,0.997718206,0.355792389,0.952638148,0.597846364,0.214006743,0.94815701,0.456662767
M,1,142,0.649366032,0.167627361,0.129363138,0.4081771,0.066166206,0.659911705,0.742137306,0.406814535,0.55170216,0.784110718,0.78822008,0.341651771,0.041123062,0.533719876,0.459892462,0.96195886,0.869015186,0.673660264
M,1,143,0.751170919,0.055182975,0.876063139,0.031707833,0.953696306,0.115375728,0.35832829,0.855212447,0.23365648,0.938577729,0.759926723,0.605521502,0.242319826,0.495307551,0.78251091,0.778073447,0.144094874,0.013248663
M,1,144,0.42355239,0.408844291,0.849578836,0.489167613,0.033934772,0.240871118,0.349479741,0.795264624,0.140854372,0.039551869,0.808244437,0.928896027,0.305013953,0.909719695,0.795869635,0.331507017,0.919558355,0.505577887
M,1,145,0.19190385,0.484547487,0.336174875,0.412519534,0.184028937,0.108613355,0.825669832,0.23245024,0.258201214,0.118320898,0.194367774,0.684311543,0.156799351,0.515765351,0.644640503,0.36298846,0.787995734,0.223362321
M,1,146,0.205554163,0.322153785,0.615567511,0.008567833,0.470756867,0.384420839,0.882595677,0.207158866,0.642030555,0.182050789,0.188466715,0.108839216,0.298625442,0.002508764,0.13067696,0.098356705,0.707487888,0.155117522
M,1,147,0.035142672,0.876600179,0.110603922,0.224991406,0.373671412,0.562109425,0.375330706,0.07909063,0.449769543,0.062900452,0.769460461,0.878935352,0.950826114,0.046452469,0.70632333,0.928667967,0.096912305,0.32468096
M,1,148,0.350546779,0.341730201,0.124677902,0.103380905,0.695523058,0.886113585,0.279653489,0.454789573,0.719353609,0.71018935,0.479694087,0.10352349,0.105327391,0.15746695,0.553035237,0.295729774,0.923093125,0.064497649
M,1,149,0.719655041,0.589680587,0.737138485,0.484971297,0.258569958,0.597187118,0.243136693,0.445122439,0.512003467,0.175029411,0.206472334,0.898539721,0.590659999,0.788372459,0.445075134,0.903216444,0.788964883,0.820660569
M,1,150,0.341688957,0.388686777,0.890669419,0.32071951,0.435794844,0.56022809,0.487801447,0.091408683,0.288359497,0.810932355,0.151768788,0.781068374,0.914449663,0.544896323,0.733621642,0.498040653,0.440039781,0.980087999
M,1,151,0.212629184,0.08361103,0.176281343,0.618705366,0.094736829,0.181754777,0.0288182,0.804747647,0.341917596,0.239205452,0.046431361,0.325082334,0.418779988,0.529349735,0.791357064,0.419111547,0.994421327,0.424921258
M,1,152,0.262045592,0.065032097,0.447114333,0.496246776,0.175722325,0.721023507,0.391870483,0.969690455,0.105087364,0.113304923,0.941273195,0.222760733,0.37901337,0.225286176,0.839400285,0.05797601,0.465003466,0.278877019
M,1,153,0.571971617,0.888115302,0.210387948,0.205021775,0.785644029,0.62142189,0.10114339,0.73607806,0.838993,0.503107852,0.229100207,0.966471244,0.168588616,0.970116666,0.626722713,0.062289192,0.74227146,0.789399829
B,1,154,0.874319737,0.959262045,0.511062014,0.171416432,0.448644192,0.470977028,0.171460904,0.387674616,0.819078013,0.145229203,0.023651823,0.149423213,0.827579073,0.810976915,0.974719779,0.312952852,0.493811467,0.241878024
B,1,155,0.736897025,0.659485632,0.482061017,0.725962025,0.981868432,0.420398389,0.585586972,0.067258451,0.441749939,0.287823837,0.56078673,0.515169839,0.582027366,0.018373514,0.226470778,0.237968719,0.117642286,0.141093755
M,1,156,0.655486424,0.638421034,0.371066434,0.456709187,0.555876555,0.381709432,0.644956735,0.153338066,0.500824616,0.28174736,0.239246897,0.414748494,0.760237705,0.132334748,0.94733358,0.987651395,0.043469925,0.406329993
M,1,157,0.315297215,0.776542754,0.486237447,0.744384854,0.313722508,0.512170718,0.062067731,0.724349083,0.506506262,0.210257467,0.133454033,0.247020602,0.008626511,0.302426792,0.562475312,0.850439412,0.78244624,0.670898949
M,1,158,0.144532451,0.620245035,0.974089903,0.244764179,0.938731736,0.068689508,0.127476561,0.016520719,0.243553145,0.910557517,0.910758945,0.219331609,0.029562896,0.567294814,0.968455896,0.294209952,0.154862068,0.929335901
M,1,159,0.101554528,0.499004657,0.851464527,0.159200953,0.276216375,0.062895622,0.187086421,0.836261851,0.977718557,0.273351411,0.61073058,0.88645912,0.197215527,0.349575276,0.659408063,0.000890658,0.96941762,0.345340917
M,1,160,0.710191133,0.08021413,0.404242258,0.647359987,0.915712505,0.154440325,0.614666713,0.329726343,0.279505489,0.48878214,0.680230715,0.820551493,0.740143792,0.402156732,0.9214111,0.199699915,0.015782534,0.076074461
M,1,161,0.392531965,0.155949975,0.04023311,0.535631318,0.088589714,0.04778157,0.963750311,0.029532936,0.293695515,0.591741878,0.827947653,0.028264594,0.458621489,0.596636789,0.938014649,0.620209469,0.055256394,0.168909944
M,1,162,0.090576037,0.688365871,0.148452622,0.345999223,0.520857715,0.961266921,0.084059576,0.47078924,0.788637302,0.659404535,0.248956594,0.990094799,0.42599453,0.293007786,0.619822743,0.113543908,0.035988156,0.047555667
M,1,163,0.062949486,0.206037831,0.114977554,0.574028688,0.48237728,0.342907138,0.553145262,0.757962811,0.011360638,0.740812407,0.67199445,0.008950423,0.972263142,0.246552921,0.704075281,0.352121888,0.688565096,0.964728438
B,1,164,0.853903722,0.48230645,0.680326398,0.659938998,0.604118784,0.612793529,0.421901392,0.074387703,0.990409419,0.881829889,0.295210889,0.79499657,0.31409837,0.148696717,0.173373497,0.25797571,0.20347485,0.924442549
M,1,165,0.23420151,0.108707406,0.23244674,0.524245493,0.83183455,0.485880899,0.635356159,0.744011328,0.336375923,0.094358989,0.343702036,0.449622214,0.588769914,0.009478665,0.263441728,0.191914165,0.497053146,0.891702184
M,1,166,0.537934365,0.476314309,0.470652623,0.198843381,0.008154251,0.723673142,0.666479588,0.001680746,0.044349624,0.328380253,0.660103981,0.627966341,0.725477949,0.934688623,0.717904692,0.492509261,0.817087487,0.286295172
M,1,167,0.331920845,0.185258439,0.82716194,0.439878414,0.080341173,0.986151849,0.26771977,0.959626761,0.637491975,0.797684863,0.873293922,0.59591377,0.35477146,0.662432599,0.463981786,0.633387168,0.401533944,0.389077671
M,1,168,0.986588995,0.664732824,0.866124611,0.714385611,0.217052015,0.973378329,0.866779975,0.714038338,0.332334928,0.856552539,0.798896923,0.454830511,0.22543165,0.039114637,0.651392841,0.887089645,0.718986102,0.603561764
B,1,169,0.88786526,0.841339364,0.296520088,0.953259827,0.890663777,0.578352201,0.153167213,0.883702581,0.374567024,0.561646682,0.124857597,0.558633099,0.201385783,0.215716395,0.476243596,0.083434103,0.247647142,0.412938835
M,1,170,0.281917387,0.152852109,0.836312807,0.769416609,0.974603207,0.456731417,0.778828561,0.428830292,0.177175177,0.988248217,0.051056533,0.061135431,0.115323022,0.64430913,0.764297417,0.323325562,0.877054624,0.540300612
M,1,171,0.01834091,0.489045883,0.645848868,0.22134649,0.593607215,0.509785188,0.397831135,0.340045221,0.362864506,0.230630243,0.061330391,0.722816968,0.803415036,0.973775639,0.437815071,0.04428463,0.1125908,0.638356628
M,1,172,0.438594736,0.85603563,0.082390722,0.549444218,0.247161559,0.214859747,0.977010301,0.642468418,0.903176311,0.386100602,0.91872215,0.742095406,0.258900372,0.037398216,0.711733412,0.368061561,0.398466829,0.606437215
M,1,173,0.822618326,0.298178692,0.688733628,0.993940049,0.210463942,0.024378012,0.112219124,0.009943973,0.309594144,0.74546341,0.539202021,0.605884849,0.524936953,0.385154392,0.642395747,0.560017761,0.914043932,0.547438588
M,1,174,0.221676594,0.767922727,0.365955229,0.859419024,0.746208145,0.74714891,0.959217379,0.658292788,0.130017287,0.030488707,0.937647079,0.165921943,0.063436393,0.012809733,0.851320367,0.833375714,0.857847582,0.678380365
M,1,175,0.727747291,0.440940759,0.895605878,0.369404475,0.623434669,0.83408927,0.616859083,0.282930572,0.188194151,0.190959918,0.111342155,0.090975576,0.476013976,0.61195991,0.396461834,0.144983616,0.407971351,0.188218645
M,1,176,0.764097471,0.13862931,0.455828618,0.84674533,0.8108205,0.708167086,0.914298502,0.317887279,0.324560757,0.839183974,0.926569855,0.386575407,0.962914923,0.712882908,0.293581462,0.665543965,0.90074443,0.797435349
B,1,177,0.626563177,0.816332774,0.161814451,0.481314152,0.762260134,0.083241013,0.012561871,0.418743608,0.684705448,0.979727133,0.099449507,0.488697633,0.643533144,0.181849735,0.106840352,0.391056044,0.567327239,0.726630588
M,1,178,0.151311405,0.704704494,0.239546568,0.783363967,0.884157485,0.099026291,0.954429426,0.316362841,0.747127296,0.526621288,0.10878203,0.657817572,0.279214177,0.635621029,0.089843921,0.093720187,0.271984071,0.357051601
M,1,179,0.187761407,0.040815904,0.322788842,0.448649744,0.074726583,0.301629187,0.73636084,0.904957716,0.706920938,0.965497761,0.731224002,0.827631005,0.539318706,0.204030363,0.02363952,0.512768389,0.104806579,0.809300608
M,1,180,0.119935064,0.003104659,0.264193193,0.936008778,0.511535993,0.479419458,0.563391767,0.614566333,0.995190404,0.073565986,0.332543259,0.712045755,0.814072627,0.55783408,0.342822661,0.037558107,0.588042799,0.653370597
M,2,1,0.347870837,0.247513368,0.82508696,0.104381598,0.644372485,0.348581449,0.817159805,0.572719084,0.738967601,0.231946078,0.134547268,0.470682756,0.273034555,0.694122953,0.852758147,0.292341617,0.772436311,0.148310416
M,2,2,0.161031318,0.314261381,0.027817287,0.273993396,0.346503459,0.004311907,0.881765058,0.216360026,0.450944785,0.095487548,0.267654588,0.121656821,0.080503833,0.589393454,0.176873707,0.471761528,0.763558805,0.319652263
M,2,3,0.667951188,0.960458254,0.375773953,0.887335357,0.405681509,0.165899812,0.695876541,0.267805279,0.352791391,0.482085912,0.631641733,0.181233995,0.357764259,0.933785099,0.979459899,0.547773332,0.699414864,0.537879509
B,2,4,0.904021934,0.870845208,0.674137326,0.206964095,0.47047811,0.957069295,0.254233157,0.592758291,0.871369726,0.08851737,0.709923723,0.03821266,0.351378366,0.253013184,0.765090848,0.264138785,0.951246233,0.977918086
M,2,5,0.102744267,0.752121668,0.669127685,0.703404628,0.248705251,0.281889369,0.603434164,0.729504677,0.676890295,0.276264635,0.661211604,0.762196039,0.071553095,0.112864014,0.926807081,0.155746928,0.729611985,0.111089318
M,2,6,0.294477878,0.591144273,0.135741181,0.125809824,0.293423707,0.19160819,0.484263952,0.875608455,0.087754238,0.613846556,0.731381175,0.979601653,0.465840559,0.735699935,0.644404256,0.350040864,0.796846721,0.598042794
M,2,7,0.66444186,0.908065644,0.597396501,0.572775357,0.692224703,0.107560425,0.316308959,0.123963876,0.067403003,0.12281199,0.253838461,0.962965142,0.190102344,0.35264184,0.36019833,0.222584058,0.747819345,0.680341202
M,2,8,0.181922965,0.494364227,0.711681183,0.997672657,0.843794023,0.408865512,0.659350751,0.542172738,0.829518722,0.066089758,0.620010279,0.131261461,0.918763026,0.875925936,0.296321703,0.649885037,0.124714546,0.20838135
M,2,9,0.803371181,0.723827682,0.336713902,0.356806247,0.775377049,0.177713791,0.496414931,0.954428015,0.609087031,0.676325938,0.222499116,0.708561428,0.42119221,0.987847367,0.898410059,0.947492849,0.758722049,0.938618826
M,2,10,0.266400344,0.082750756,0.48401825,0.231745155,0.825115241,0.526184485,0.947884557,0.705842666,0.033411493,0.101028253,0.412451481,0.232935178,0.231920583,0.659596775,0.197834046,0.985493601,0.475974939,0.880388585
M,2,11,0.203930833,0.900300919,0.84975216,0.822851922,0.074883522,0.453369912,0.911466198,0.249896345,0.042954639,0.177046762,0.172582999,0.79493847,0.706794579,0.797236626,0.139873675,0.014108185,0.360188568,0.577646116
M,2,12,0.14224446,0.299489496,0.069461369,0.767205064,0.35073243,0.391613011,0.350758043,0.995809275,0.925927342,0.110181661,0.293152473,0.168423342,0.687818499,0.484838134,0.865179721,0.503912803,0.189353313,0.190575735
M,2,13,0.822376311,0.929742465,0.636379641,0.774029063,0.069786379,0.952201815,0.458392923,0.862605755,0.020849037,0.044529608,0.828699344,0.465160445,0.528560071,0.950144949,0.20537142,0.03099552,0.64099704,0.046142534
M,2,14,0.019184581,0.860624679,0.873801785,0.782224743,0.464866124,0.910133852,0.196106758,0.844097062,0.268916189,0.019087042,0.435961678,0.882606648,0.298536207,0.518206952,0.944252222,0.922731526,0.029852841,0.153159414
M,2,15,0.642184542,0.651965655,0.739456464,0.896324528,0.422511635,0.422111653,0.957936472,0.177482986,0.380693687,0.598880685,0.99515056,0.045176134,0.977400128,0.861456651,0.383424331,0.524024965,0.834855113,0.835980937
B,2,16,0.880958905,0.678215516,0.323977079,0.350468332,0.196893076,0.425407543,0.369372441,0.746437173,0.375006716,0.660778619,0.44770191,0.424051935,0.613883903,0.259610104,0.835655622,0.452124724,0.184532226,0.72623101
M,2,17,0.761361954,0.702331745,0.783317117,0.797254207,0.437541444,0.995604886,0.182078588,0.78053094,0.008559674,0.735173493,0.188774947,0.043478597,0.092223453,0.125752306,0.246376893,0.930186187,0.367510907,0.752852357
M,2,18,0.984047672,0.421475399,0.26031742,0.44162256,0.194055187,0.573110537,0.639119211,0.115725994,0.155997703,0.051320546,0.231822242,0.811462769,0.624824875,0.881908934,0.821535425,0.777505425,0.956532079,0.887727073
M,2,19,0.057538136,0.371858689,0.239596761,0.237271193,0.844611024,0.771141541,0.30573118,0.678422682,0.214955373,0.914452451,0.773147387,0.784687957,0.916232573,0.080730497,0.189165665,0.594975187,0.521233661,0.345569752
